Overall,Name
1,Being Wrong on The Internet
2,Copyright Not Intended
3,Four Light Bulbs
4,Feedback on Feedback
5,Freebooting
6,"Delete, Flag, Delete, Reply"
7,"Sorry, Language Teachers"
8,First World YouTuber Problems
9,Kids in a Box
10,Two Dudes Talking
11,Stream of Irrelevancy
12,Hamburgers in the Pipes
13,Nobody Owns the Facts
14,How Humans Work
15,Books Made of Paper
16,The Worst Topic for a Podcast
17,Mister Phoenix
18,Monkey Copyright
19,Pit of Doom
20,Reverse Finger Trap
21,Cave Troll in Your Pocket
22,16-hour Search for Wallpaper
23,Call of the Postbox
24,Mr Complainy Pants
25,Fantasy Stage
26,Brady Had Dinner With Darth Vader
27,Bumper Christmas Special
28,Randomness in a Box
29,Courses for Horses
30,Fibonacci Dog Years
31,An Enigma Wrapped in an Egg McMuffin
32,YouTube Half-Assery
33,Mission to Mars
34,Line in the Sand
35,Are My Teeth Real?
36,Bear O'Clock
37,Penguins and Politics
38,The F-Word
39,Getting Things Done
40,The Oval Office of Science
41,Some Kind of Freak
42,Never and Always
43,The Naughty Episode
44,Cursed Tickets
45,Technobabble
46,Superbowl of Flags
47,Charismatic Megafauna
48,Grumpy About Art
49,Rabble-Rousing
49.5,The Shortlist (BONUS EPISODE)
50,Queen of Spades
51,Appropriately Thinking It
52,"20,000 Years of Torment"
53,Two Dudes Counting
54,Star Wars Christmas Special
55,Element Zod
56,"Guns, Germs, and Steel"
57,Podcasters React
58,Hawk & Mouse
59,Consumed by Donkey Kong
60,The Beautiful Game
61,Tesla and King Tut
62,Cheer Pressure
63,One in Five Thousand
64,The Quiz Show
65,Operation Zeus
66,A Classic Episode
67,Doctor Brady
68,Project Revolution
69,Ex_Machina
70,Bun Fight
71,Trolley Problem
72,64 Pairs of Underwear
73,Unofficial Official
74,Black Mirror Season 3
75,"""World's Most Interesting Podcast"""
76,Rogue One Star Wars Christmas Special
77,"Woah, Dude"
78,LXXVIII
79,From Russia with Love
80,Operation Twinkle Toes
81,Adpocalypse
82,God of Bees
83,The Best Kind of Prison
84,Sloppy Buns
85,Another Person I've Never Heard Of
86,Banana Republic
87,Podcast of the Century
88,Do Not Ring Bell
89,A Swarm of Bad Emoji
90,Pumpkin Pressure
91,Last Man to Die?
92,Grey Honeypot
93,Mr. Chompers
94,Video of Meaninglessness
94.5,Star Wars The Last Jedi Christmas Special
95,Break Glass in Case of Emergency
96,The Humblehug
97,Tesla in Space
98,The Dogfather
99,The Necessary Lies of Civilization
100,Hello Internet Episode One Hundred
101,üòêüî´
102,Secret Cinema
103,Don't Read The Comments
104,Fruitbooting
105,A Recent Hello Internet
106,Water on Mars
107,One Year of Weird
108,Project Cyclops
109,Twitter War Room
110,Love Monkey
111,Disgusting Wheel of Filth
112,Consistency Hobgoblins
